No.	Fecha	Día	Tipo	Pilar	Tema	Objetivo	Nota estratégica
1	24/08/2026	Lunes	Carrusel	Ciencia que entiendes	Psoriasis: no es contagiosa ni es piel sucia	Compartir	Mes de la Psoriasis
	25/08/2026	Martes	Reel	—	Por definir	—	—
2	26/08/2026	Miércoles	Carrusel	Diagnóstico que salva	Impétigo: la infección del regreso a clases	Guardar	Regreso a clases
3	28/08/2026	Viernes	Carrusel	Soluciones reales	Retinol: cómo empezar sin arruinarte la cara	Guardar	Trending
4	31/08/2026	Lunes	Carrusel	Ciencia que entiendes	Colágeno en polvo: ¿de verdad sirve?	Compartir	Trending
	01/09/2026	Martes	Reel	—	Por definir	—	—
5	02/09/2026	Miércoles	Carrusel	Soluciones reales	Alopecia androgenética: la caída con patrón	Agendar	Mes de la Alopecia
6	04/09/2026	Viernes	Carrusel	Soluciones reales	Alergia al níquel: aretes y bisutería que irritan	Guardar	Educativo
7	07/09/2026	Lunes	Carrusel	Ciencia que entiendes	Protector solar: ¿mineral o químico?	Guardar	Trending
	08/09/2026	Martes	Reel	—	Por definir	—	—
8	09/09/2026	Miércoles	Carrusel	Ciencia que entiendes	Alergia alimentaria vs intolerancia	Compartir	Trending + alergología
9	11/09/2026	Viernes	Carrusel	Ciencia que entiendes	Vitamina C en sérum: ¿sirve o es marketing?	Guardar	Trending
10	14/09/2026	Lunes	Carrusel	Soluciones reales	Cuida tu piel en las Fiestas Patrias	Guardar	Fiestas Patrias
	15/09/2026	Martes	Reel	—	Por definir	—	—
11	16/09/2026	Miércoles	Carrusel	Ciencia que entiendes	Alergias de otoño: por qué el cambio de clima te congestiona	Compartir	Cambio de estación
12	18/09/2026	Viernes	Carrusel	Diagnóstico que salva	Tus uñas hablan: qué dicen de tu salud	Guardar	Trending
